name,email,points,,,
Abby Lundstrom,lundstromabby@gmail.com,,,,
Abby Smudricks,abbysmudricks@gmail.com,,,,
Alejandra Lazo,southernpawsva@gmail.com,,,,
Alessandro Bergamin,sandro_a@tpg.com.au,,,,
Alex Ascencio,aascencio84@gmail.com,618,,,
Alexandra Hugens,alexfisher67@gmail.com,,,,
Alexandria Rawson,rawsonchiella@gmail.com,,,,
Alicia Broussal,aliciabroussal@yahoo.com,,,,
Alicia Ponader,aliciadstorey@gmail.com,,,,
Alisa Carney,wicksfromthesticks@gmail.com,110,,,
Allison Lamoureaux,logan.james4490@gmail.com,1308,,,
AlNelson,anelson@riverbanks.org,324,,,
Alvina Song,av5231993@yahoo.com,350,,,
Alysha Kadar,alyshakadar@hotmail.com,,,,
Alysha Kadar,alyshkadar@hotmail.com,,,,
Alyson Huelster,ahuelster@gmail.com,,,,
Alyssa Ryun,alyssaryun@sbcglobal.net,,,,
Amanda Brown,thecharliebrownbirdrescue@gmail.com,,,,
Amanda Langner-Hurewitz,langneramanda@gmail.com,,,,
Amanda McCarter,amanda.d.mccarter@gmail.com,118,,,
AMANDA Rickards,para9927@gmail.com,406,,,
Amber Dahlsten,a_d_dahlsten@yahoo.com,,,,
Amber Gallo,amberng17@outlook.com,,,,
Amber Gray,amberyellow11@gmail.com,,,,
Amber Heeley,amberheeley@gmail.com,,,,
Amber Perry,amberdawn1976@aol.com,,,,
Ambruss Peters,ammomarz@yahoo.com,,,,
Amie Guarino,amie.guarino@gmail.com,,,,
Amy Dohmen,eaglebirdhouse5@msn.com,,,,
Amy henkel,amylynnhenkel24@hotmail.com,,,,
Amy Hoeh,minibux@roadrunner.com,,,,
Amy Polanowski,amy72074@gmail.com,372,,,
Andrea McCall,mccall_andrea@sbcglobal.net,271,,,
Andrea Rosner,andrearosner4@msn.com,,,,
Angela D Pence,angiedp1@hotmail.com,200,,,
Angela Garcia,jediknight55@yahoo.com,,,,
Angela Hyson,msangelahyson@gmail.com,2196,,,
Angela Llerena,anvelle@ymail.com,,,,
Angie Brown,angie1918@gmail.com,,,,
Angie Pence,1128macawlover@gmail.com,1286,,,
Anjana Bhawnani,anjanab68@gmail.com,,,,
Anjanette Naganuma,silverhonu77@hotmail.com,42,,,
Ann Fitzgerald,subaca2@yahoo.com,,,,
Ann Nicholson,nicholson.ann@gmail.com,512,,,
Ann Ratcliff,annratcliff@earthlink.net,,,,
Ann Shuler,annhinchee22@gmail.com,,,,
Anna K Pettersson,nnpttrssn@yahoo.com,1296,,,
Anna Todd,annantodd77055@yahoo.com,,,,
Anne Beck,arbeck3223@sbcglobal.net,32,,,
Anne Cease,ajcease@aol.com,,,,
Anne DePietri,adepietri@gmail.com,56,,,
Anne Muentes,nicksmycat@aol.com,,,,
Annette Bianchi,agreys2@aol.com,,,,
Annette Christianson,theladymiriah@gmail.com,478,,,
Annette Doyle,spiritanndo@gmail.com,,,,
Annette Zelaya,avonette@aol.com,,,,
Anthea Lewis,antheamlewis@shaw.ca,,,,
April Joslin,badbirds2020@gmail.com,,,,
April Nelson,aprillois@hotmail.com,,,,
Arlene Balaban,loro.loco@outlook.com,64,,,
Ashley Lochan,ashleylochan696@gmail.com,86,,,
Ashley Svenungsen,asvenungsen@yahoo.com,194,,,
Asma Naqvi,asmanaqvirn@gmail.com,280,,,
Aubrey Bogdanowicz,twizted_dragon80@yahoo.com,,,,
Ayano Swadkins,lyneshimoji@yahoo.com,,,,
Bailey Hipson,bailey.hipson@hotmail.com,,,,
Barb Wald,hoofdoc200@gmail.com,844,,,
Barbara French-Gebeau,dreamt1962@aol.com,54,,,
Barbara Hedgcock,bhedgcock66@gmail.com,,,,
Barbara Holtzen,barbholtzen@gmail.com,,,,
Barbara Holtzen,alexsyama@gmail.com,,,,
Barbara Reilly,reillybarbara1@me.com,,,,
Barbara Williams,abwill1900@gmail.com,,,,
Barbara Wozniak,wozni3@aol.com,50,,,
Becky Bennett,bbennett@bennettimps.com,,,,
Becky Kellerman,tandbkellerman@gmail.com,,,,
Belinda Jovanov,belindajovanov1265@gmail.com,,,,
Berglind Sigurdardottir,berglindsi@hotmail.com,,,,
Bernabe Nunez IV,bernabenunnez@gmail.com,,,,
Beth Gleason,petriparrot@gmail.com,,,,
Beth Horton,bhorton@alexanderschools.org,,,,
Beth Pritchard,majinshadow2000@aol.com,110,,,
Betsy Camp,caiquesr4me@runbox.com,2663,,,
Biana Mester,bianamester@yahoo.com,6571,,,
Bill Wasserman,bill.wasserman@optimum.net,563,,,
Bobbi Schuermann,jbkds@msn.com,99,,,
Bobbi Suponski,bobbifor31@gmail.com,863,,,
Bobbie Jo Jackson,cheetahshelby@yahoo.com,99,,,
Bobby Polk,robertpolk1379@yahoo.com,,,,
Bonnie Mano,parrotopia@optonline.net,1070,,,
Bonnie Mano,flockparrotopia@optonline.net,,,,
Bonnie Simonson,bsorchids@gmail.com,,,,
Bonnie Trujillo,tineytears0466@ayahoo.com,,,,
Bonnie Trutiolo,tineytears0466@yahoo.com,,,,
Bowie Ng,bowie.ng@outlook.com,534,,,
Brandi Daquin,bmdaquin@yahoo.com,1081,,,
Brandie Manley,bmanley2005@gmail.com,,,,
Brandy Arnette,brandyvsop@icloud.com,,,,
Breanne Bachman,brea.bachman@gmail.com,50,,,
Brenda Biever,brenda@completeresidential.com,,,,
Brenda Medina,sak030711@gmail.com,,,,
Brenda Perry,blperry@embarqmail.com,,,,
Brenda Poland,brenfla.hotmail@gmail.com,352,,,
Brenda Stackpole,stackpolebrenda@yahoo.com,,,,
Brendan Noonan,noonan.brendan@gmail.com,350,,,
Bret Fox,billing@divergentreptiles.com,198,,,
Brian Victorero,smaciag86@yahoo.com,355,,,
Bridget Woolley,atreyutrouble@icloud.com,,,,
Bridgette Yeoh,bridgetteypf@yahoo.com,,,,
Brittani Lawson,dalmationkid@hotmail.com,,,,
Brittany Ernstam,brittanyernstam@gmail.com,,,,
Brittany Pinney,brittanypinney@gmail.com,102,,,
Bruce McGonigal,birdguyhawaii@hotmail.com,,,,
Ca Tran,tadatica@gmail.com,220,,,
Cameron Johnstone,stonevet138@aol.com,,,,
Cameron zimpelman,designzebra@aol.com,,,,
Cami Lindgren,lindgren00@gmail.com,,,,
Camie Gallo,camouse@yahoo.com,702,,,
Candace Austin,candace.austin@me.com,219,,,
Candice McIntyre,randomcandice@gmail.com,,,,
Candice Rice,riceca16@yahoo.com,498,,,
Candie Cahill,insulation_girl@hotmail.com,854,,,
Carey wentworth,carey717@gmail.com,,,,
Carl Ratkus,carlratkus@comcast.net,29,,,
Carla Springer,maedae_3@hotmail.com,,,,
Carlos Solano,csolano087@gmail.com,32,,,
Carol Confessore,carol1331@aol.com,,,,
Carol Ryder,cjryder@snet.net,241,,,
Carol West,gregg-carol@hotmail.com,3216,,,
Carole Kasloff,carolekasloff@yahoo.com,597,,,
Caroline Houghton,caroline@carobeans.com,,,,
Caroline Williford,williford.caroline@yahoo.com,364,,,
Carolyn Aderdour,birdbreeders36@yahoo.com,,,,
Carolyn Ficken,carolyn1094@cox.net,,,,
Carrie Larson,siss2323@hotmail.com,,,,
Cassandra Samson,cass.samson@gmail.com,,,,
Cassandra Tkacenko,ctkacenko@comcast.net,1386,,,
Catherine Nichols,cathwojo@gmail.com,362,,,
Cathy Bailey,baileycathy31@yahoo.com,,,,
Cathy Gaidos,gaidos@twinvalley.net,402,,,
Cathy Jolene Goliver,frosty.mama@yahoo.com,1198,,,
Celia Ellison,cmellison@hotmail.co.uk,,,,
Cemantha Fields,fieldscierra@yahoo.com,116,,,
Charlene Ebel,cytcapital@msn.com,,,,
Charlene Weisser,charlene.weisser@yahoo.com,695,,,
CharmainePletz,auroradawn01@aol.com,,,,
Cherie Vergini,cherie@cheriev.com,773,,,
Cherry Boles,rivertonace@wyoming.com,1576,,,
Cheryl cencich,cherylc12@comcast.net,1439,,,
Cheryl Collette,brainstorm24@yahoo.com,,,,
Cheryl Day,rosiemom54@gmail.com,,,,
Cheryl Day,rosiemom54@icloud.com,,,,
CHERYL GEBEAU,gebea2@hotmail.com,,,,
Cheryl reyes,alexsmomma4810@yahoo.com,,,,
Cheryl Ryan,perruchee1@yahoo.com,153,,,
Cheryl Simmons,cheryllsimmons@yahoo.com,,,,
Choi Foong Cheong,trishacz2306@gmail.com,,,,
Chris Petrosh,starrynight517@yahoo.com,,,,
"Christal Reinsmith ",criddlecraddle@gmail.com,118,,,
Christi Eggleston,egglestonchristi@yahoo.com,,,,
Christie Miller,christiemuse@hotmail.com,1262,,,
Christina Naples,cj_naples777@yahoo.com,,,,
Christine McMahon,cmcmahon@bex.net,5190,,,
Christine Vlught,cristinegn@aol.com,451,,,
Christopher Anzaldi,anzaldi73@gmail.com,,,,
Christy Lenzi,billreddinger@yahoo.com,54,,,
Christy Looney,looneyfarm151@comcast.net,722,,,
Cierra Ulmer,cierraulmer@gmail.com,82,,,
CINDY Justice,cindyjustice892@gmail.com,,,,
Cindy Leopard,cc_leopard@hotmail.com,1088,,,
Cindy Liles,rnfeelgood@yahoo.com,1045,,,
Cindy Mallow,c_mallow@comcast.net,,,,
Claire Traynor,claretray1@gmail.com,182,,,
Colette Molyneaux,colettemolyneaux419@gmail.com,949,,,
Colleen Bailey,cakbailey1@yahoo.com,99,,,
Colleen Lynch,clynch@riverbanks.org,594,,,
Corinne Renguette,crenguette@gmail.com,137,,,
Corri donald,corri@live.ca,,,,
Courtney arthur,brunette057@gmail.com,56,,,
Craig Jones,drcraig2002@yahoo.com,62,,,
Craig Kossenjans,lydiajoyparks@gmail.com,,,,
Cristina Ware,chrissyware@hotmail.com,350,,,
Crystal Merritt,lvflyin@hotmail.com,,,,
Crystal Wilkinson,sandcwilkinson@gmail.com,,,,
Cynthia Angrisani,ms_mato@me.com,2725,,,
Cynthia Cason,aviandream@msn.com,,,,
Cynthia Conkright,c.macleod@me.com,,,,
Cynthia Hagstrom,chagstrom@comcast.net,510,,,
Cynthia Lane,green100jade@gmail.com,,,,
Cynthia Marks,skram57@yahoo.com,,,,
Cynthy Johnson,cynthy8055@aol.com,27,,,
Dado Brandi,bdado1@hotmail.com,,,,
Dale Mozdziesc,joegrey248@gmail.com,964,,,
Damaris Torres,damaristorres719@gmail.com,,,,
Dana Beavers,pokerchix@gmail.com,817,,,
Dana Wright,wrighrd@comcast.net,,,,
Daneka Stryker,danekastryker@gmail.com,65,,,
Daniel Green,cardio_woman@yahoo.com,16,,,
Daniel Griffiths,griffiths97@hotmail.com,,,,
Daniel Piper,camaross_94@msn.com,,,,
Danielle Beard,errorism11@hotmail.com,,,,
Danielle Dahlen,danielledahlen@yahoo.com,757,,,
Danielle Marchetti,danimarch@icloud.com,1165,,,
Danielle sweeney,daniesweeney@hotmail.com,644,,,
Darleen Rowe,d_rowe@live.com,,,,
Darlene Cruz,crooziesbydarlene@hotmail.com,,,,
Darlene Gerbasi,darlmt5@aol.com,,,,
Darlene Spangler,darbsi@hotmail.com,32,,,
Dart Rhoades,dart_r@hotmail.com,,,,
Dawn goodspeed,glassfeathers@verizon.net,486,,,
Dawn Graham,dmg719@gmail.com,1083,,,
Dawn Graham,rfaauction@gmail.com,,,,
Dawn Krebs,luceymoose@msn.com,106,,,
Dawn Olan,tikid12@gmail.com,56,,,
Dawn Rowny,rownydawn@gmail.com,66,,,
Deanna Griffin,griffindeanna@hotmail.com,472,,,
DeAnna Scarfone,deannarscarfone@gmail.com,,,,
Deanne Corbiser,dcorbiser@comcast.net,,,,
Deb Nazario,oohlalajewelry@yahoo.com,,,,
Deb Robinson,debanddory@gmail.com,710,,,
Debbie Dean,deputydean2005.dd@gmail.com,303,,,
Debbie Galle,debbie.galle@gmail.com,304,,,
Debbie Holmes,65dholmes@gmail.com,,,,
Debbie Villneff,debbie.villneff@gmail.com,,,,
Debby Niemuth,dniemuth@q.com,,,,
Deborah Bessent,dbessent111@yahoo.com,,,,
Deborah Clark,dclark375@gmail.com,,,,
Deborah Dean,akamai2@hotmail.com,,,,
Deborah Herman,debmherman@aol.com,145,,,
Deborah Keeth,debbiekeeth@comcast.net,,,,
Deborah Keynton,dbk1957@msn.com,,,,
Deborah Pieroni,debbie.pieroni@gmail.com,,,,
Debra Allen,allendebra23@yahoo.com,132,,,
Debra budd,squishsol@msn.com,,,,
Debra Molina,krabbylobster1184@gmail.com,1925,,,
Debra Stegner,debbsrt1@gmail.com,680,,,
DEBRA WARRENS,g9935ck@mchsi.com,464,,,
Dee Lowe,msplantladi@yahoo.com,,,,
Dee Swanson,zigzaz59@aol.com,1500,,,
Dena montgomery,karmabum@bellsouth.net,1165,,,
Denise Baracia,dbaracia@gmail.com,588,,,
Denise Budzinski,deedee36590@yahoo.com,,,,
Denise Evans,karmaparrot@gilanet.com,,,,
Deta Follin-Pyle,deta@verizon.net,,,,
Diana Stenzel,dstenzel0335@rogers.com,,,,
Diana Uyen,diana1u@hotmail.com,,,,
Diane Hyde,dianephyde@optonline.net,54,,,
Diane Mullendore,granmadiane@msn.com,,,,
Diane Tyson,diane.tyson@rocketmail.com,1108,,,
Don Harina,don.harina@yahoo.com,54,,,
Don Sylvester,don@sylvesters.net,,,,
Donna Abbott,avengerbabe55@gmail.com,259,,,
Donna Barbaro,donna.barbaro@gmail.com,1360,,,
Donna Dodge,dwdodge61@gmail.com,,,,
Donna Ellis,msdonna782@aol.com,268,,,
Donna Lampkins,donnadoo22@gmail.com,437,,,
Donna Peer,dp25609@hotmail.com,46,,,
Donna Pilon,donnapilon@hotmail.com,,,,
Donna Rose,jdrose124@msn.com,,,,
Donna Whitlinger,trainlady1114@gmail.com,787,,,
Dorene Stamatellos,dorenest@me.com,233,,,
Doris Dixon,dorisd1964@live.com,,,,
Dorothy long,truckerdot@comcast.net,198,,,
Dorothy Ray,dorothyrray@msn.com,196,,,
Doug Houser,dhouser@mitre.org,290,,,
Ed Scotten,mrsscotten@hotmail.com,,,,
Ehden Sinai,ehdens@gmail.com,,,,
Elena Cabrera Wisch,wisch@verizon.net,,,,
Elise Franchi,elise3161@yahoo.com,822,,,
Elizabeth Bolstad,gottalottaparrots@gmail.com,,,,
Elizabeth Hickey,lizzecantrell@hotmail.co.uk,,,,
Elizabeth Kessler,bethmoscov@gmail.com,,,,
Elizabeth Neick,eneick1998@gmail.com,,,,
Elizabeth Sroczynski,sroczynski.ela@gmail.com,,,,
Ellen schloss,sillymacaw@comcast.net,,,,
Elwin Wood,frazeen87@gmail.com,,,,
Emma Welcher,welcheremma@gmail.com,,,,
Erin Partridge,erinpartridge@gmail.com,1251,,,
Erin Pashley,epashley@live.com,190,,,
Eva Bedo,ujpest82@yahoo.com,,,,
Eva Keane,eva.keane01@gmail.com,82,,,
Eva Klutz,iklutzi@aol.com,298,,,
Frances figueroa,hillz95@yahoo.com,120,,,
Francesca Heller,Francesca_Heller@yahoo.com,1184,,,
Gabrielle Mika,gabriellelmika@gmail.com,,,,
Gayle Sullivan,gaylei@hotmail.com,,,,
Geraldine Perron,bellieby@gmail.com,713,,,
Geri Waites,ikaikapoo1@aol.com,,,,
Germaine Church,jerryann10673@hotmail.com,126,,,
Gianne Souza,gianne00@gmail.com,,,,
Gina Buongiorne,gbuongiorne@yahoo.com,76,,,
Gina DiCriscio,gina41485@gmail.com,,,,
Gina Hohman,gina21047@verizon.net,,,,
Ginny Carter,ginny@ginnycarter.com,,,,
Glenna Hartwell,glennahartwell@comcast.net,,,,
Glenna Rahn,glenna.rahn04@gmail.com,66,,,
Gloriane Alvelo,gloriannealvelosevilla22@gmail.com,32,,,
Gracia Nash,graciaenash@gmail.com,,,,
Gregg Matsumoto,gm_10695@hotmail.com,392,,,
Hannah wheeler,hannah.june.wheeler@aol.com,54,,,
Heather Braman,heather_dne@yahoo.com,,,,
HEATHER CONRAD,hwconrad@yahoo.com,,,,
Heather Glenn,heather_feather_413@gmail.com,44,,,
HEATHER KLATT,hmklatt@yahoo.com,,,,
Heather Kubinec,hkubinec@yahoo.com,,,,
HEATHER MARG,hmarg06@winona.edu,,,,
Helene baymack,hbaymack@yahoo.com,,,,
Hoang Le Xuan,couponsplusdeals.com@gmail.com,,,,
Holly Begeal,hbegeal@gmail.com,313,,,
Holly Sprenkle,hasprenkle@gmail.com,,,,
Hope Espinosa,myfivedolls@yahoo.com,1039,,,
Ioana Meleghius,avilmom@yahoo.com,180,,,
Ira Biederman,biederman96@hotmail.com,594,,,
Isabel Cruz,isabelcruz704@aol.com,,,,
Ivana Begovic,ivananaomibegovic@hotmail.com,,,,
Ivy Rash,ivy_and_innocence@yahoo.com,,,,
Jacalyn Cutler,cutlerjacalyn@aol.com,3021,,,
Jack Grose,ma_kettle_wilson@hotmail.com,645,,,
Jackie PETROS,patstrains@aol.com,4793,,,
Jacob Thomas,die1973@aol.com,358,,,
Jacque Jordan,jacquezander@gmail.com,92,,,
Jacque Strelow,jacque.strelow@gmail.com,,,,
Jacqueline DeMichele,jdemichele1964@gmail.com,,,,
Jade Allard,jadeallard0@gmail.com,,,,
Jaime Ascencio,jaime.m.ascencio@outlook.com,122,,,
JAMES BLACKBURN,jdavb_jdb@yahoo.com,2356,,,
James Carter,kd4pon@aol.com,,,,
James Crede,credej@yahoo.com,198,,,
Jami Galindo,poohtou_98@yahoo.com,,,,
Jamie Galindo,jgalindo4560@gmail.com,,,,
Jamie Hanna,birdiemomma84@gmail.com,,,,
Jamie Pham,nhung_t_le@yahoo.com,,,,
Jamie Riley,jmec238@gmail.com,,,,
Jan ferree,we3ferree@yahoo.com,,,,
Jan Vescelius,jvescel@yahoo.com,,,,
Jane gorecki,shankin528@att.net,,,,
Jane Weisbrot,threeblueyedboys@aol.com,26,,,
Janel Hafer,janel_hafer@yahoo.com,,,,
Janet Byrd,j.byrd@hotmail.com,1786,,,
Janet Lang,doorking@sbcglobal.net,565,,,
Janet smith,janet.smith@gmail.com,,,,
Janet Viggiani,jbviggiani@comcast.net,1528,,,
Janet Viggiani,jvbova2@gmail.com,,,,
Janet Wannamaker,j_wannamaker@outlook.com,,,,
Janice Baron-Fishel,janicebaron-fishel@live.com,309,,,
Janice Sprenkle,sprenklej@msn.com,,,,
Janice Staroski,jkstaroski@yahoo.com,,,,
Janine Trudell,jmwhite93@hotmail.com,156,,,
Jasmin Ghassan Harb,jasminscanarybirds@gmail.com,,,,
Jayme Lauzon,jayme_steve@hotmail.com,,,,
Jean Patterson,pattergolf@gmail.com,,,,
Jean Provance,jlprovance@yahoo.com,1054,,,
Jeanette miller,bubbles89@live.ca,,,,
Jeanie Rheinheimer,dojeasnest425@gmail.com,,,,
JEANNE GILLIGAN,jeanne@ahelpingwing.org,6299,,,
Jeanne Meister,rtwinsrnr@sbcglobal.net,,,,
Jeannie Francis,jadedmama58@yahoo.com,,,,
Jeannie Morgan,dakota137@juno.com,,,,
Jeffrey Collingwood,debbie_collingwood@hotmail.com,,,,
Jeffrey Remsen,jeffpsl62@gmail.com,,,,
Jen Squires,jennifersq@yahoo.com,,,,
Jennie Blaha,jbdazz68@gmail.com,2849,,,
Jennifer Barnes,jbarnes1118@aol.com,425,,,
Jennifer giles,jenn_giles@aol.com,2898,,,
Jennifer Jackson,ginwanda@yahoo.com,,,,
Jennifer Leles,jenniferleles@yahoo.com,,,,
Jennifer Lewis,lucyumbrella2@yahoo.com,,,,
Jennifer Perez,califid@gmail.com,2478,,,
Jennifer Vander Ploeg,jenmich5200@gmail.com,,,,
Jennifer Winkel,belland_jennifer@yahoo.com,787,,,
Jenya Campbell,javajenya@gmail.com,,,,
Jerri Martin,turtleladyjpp98@yahoo.com,,,,
Jesselyn Barrow,jessbarrow@msn.com,1529,,,
Jessica Comiskey,jj.comiskey@hotmail.com,,,,
Jessica DiCenso,jessd813@gmail.com,,,,
Jessica Haire,kaim4@live.com.au,,,,
Jessica Miller,wjcrts@gmail.com,,,,
Jessica Thompson,jessica.thompson520@gmail.com,,,,
Jessie Sandford,jaxontackett@gmail.com,,,,
Jill Smith,groomchick@comcast.net,1681,,,
Jill T.  Endicott,jtendi3@yahoo.com,,,,
Jim stanek,katsta455@hotmail.com,1006,,,
Joan Bam,jebam@shaw.ca,,,,
Joan Weinzierl,joaniw@msn.com,,,,
Joanne Maggio,jmaggio2015@hotmail.com,994,,,
Joanne Plunkett,jag20038@gmail.com,2309,,,
Jocelyne P Gauvin,jpg25@bell.net,,,,
Jodie Russelli,jshulga911@gmail.com,,,,
Jodie Russelli,peacemaker4112014@yahoo.com,,,,
Jodine Weber,jweb380@aol.com,80,,,
Joe Farhat,joegecko@yahoo.com,32,,,
John B,johnnoble2739@gmail.com,,,,
John Beyrand,tbey05@gmail.com,754,,,
John Caporuscio,vduben2@yahoo.com,,,,
John Johnson,johnandjeannine@comcast.net,,,,
John McClanahan,pamelabrandon@ymail.com,200,,,
Jonathan Mark,suzymark@jps.net,73,,,
Joni Lien,jonigirl50@gmail.com,104,,,
Josephine Provenzano,jop3710@gmail.com,147,,,
Josh riley,cowboy177507@yahoo.com,,,,
Joy Rogers,joyrogers59@comcast.net,,,,
Joyce Fleming,joycelfleming@icloud.com,,,,
Jude Vickers,wzrdzwf93@aol.com,,,,
Judy Perry,perry_judy@hotmail.com,,,,
Jui Ling Kuo,jasmine200409@gmail.com,,,,
Julie Faflik,juliefaflik@yahoo.com,,,,
Julie McArdle,juliejmcardle@gmail.com,361,,,
JULIE SLIMICK,jedsb4@gmail.com,,,,
Julie Umlah,julieru1998@gmail.com,259,,,
Julie Wootten,waddleoninnrescue@gmail.com,108,,,
Julie-Ann Finch,galaxabenu6@gmail.com,,,,
June Swanson,rjswan777@gmail.com,,,,
June Ward,olen200@yahoo.com,,,,
Kaitlynn Nielsen,moonlitekate@gmail.com,98,,,
Karen Barbush,kwbarbush@gmail.com,612,,,
Karen Bragg,karenlynnbragg@shaw.ca,1458,,,
Karen Cousin,justcuzzzz40@aol.com,,,,
Karen Dunnegan,kdunnegan@rocketmail.com,,,,
KAREN DURANTE,karendurante@comcast.net,322,,,
Karen Garner-Cordova,gkcordovatrucks@hotmail.com,1585,,,
KAREN HAMILTON,khamilton9311@gmail.com,62,,,
Karen Lawson,lawsonk323@gmail.com,,,,
Karen McGregor-Lucchesi,klucchesi@gmail.com,534,,,
Karen Prino,kcprino@gmail.com,,,,
Karen Raime,karen.raime@gmail.com,,,,
Karen Russell,kr18golf@aol.com,,,,
Karen Sembello,karensembello@yahoo.com,,,,
Kari Williams,karilee_williams@yahoo.com,,,,
Karla Spencer,karlaspencer49@yahoo.com,,,,
Katherine dungan,res049bk@verizon.net,1896,,,
Katherine Tschiemer,blueskyktt@gmail.com,342,,,
Kathi Edge,kesantafe@aol.com,,,,
Kathleen Green,kathy.green@yahoo.com,,,,
Kathleen Lang,missbenefits@wowway.com,,,,
Kathleen mccoy,mccoysark@yahoo.com,,,,
Kathryn Sue Oleksak,ksoleksak@aol.com,482,,,
Kathryn Ward,ktrix75@gmail.com,206,,,
Kathryn York,quirkyorkie@gmail.com,,,,
Kathy Champ,geochamp1952@gmail.com,,,,
Kathy Fresne,kmfresne@gmail.com,,,,
Kathy Hobson,khobson108@gmail.com,,,,
Kathy Holtzman,kjholtz@icloud.com,,,,
Kathy Miller,kathymiller9999@gmail.com,,,,
Kathy Mulhern,kmulhern99@aol.com,,,,
Kay Columbine,columbineaviary@gmail.com,237,,,
Kayleigh Bartle,kayleighbartle@googlemail.com,,,,
Kellie Stead,kelliestead07k@gmail.com,,,,
Kelly Darling,darling216@gmail.com,226,,,
Kelly Davis,kfisher22@hotmail.com,1194,,,
Kelly Jackson,kelly.jackson3539@outlook.com,,,,
Kelly Johnson,kellyjo1211@gmail.com,850,,,
Kelly Smith,kf549@yahoo.com,,,,
Kelsey Pike-Tremblett,kelseypikexoxo@gmail.com,,,,
Kendra Beckett,kbeckett@mctc.edu,,,,
Kenneth Dazen,drdazen@animalandbirdvet.com,,,,
Kerri Gideon,azsdevil@gmail.com,,,,
Kerry Wallace,kpwallace74@gmail.com,70,,,
Kevin France,kfrance94@yahoo.com,,,,
Kim Ford,ford_kim@yahoo.ca,,,,
Kim Manheck,k_manheck@comcast.net,,,,
Kim Richard,oneday@charter.net,1361,,,
Kimberlee Barcewski,kimsunshine@sbcglobal.net,,,,
Kimberly Constantino,kimberlyc63@aol.com,12847,,,
Kimberly De Bernardi,kimdebern@yahoo.com,54,,,
Kimberly Dorris,kjdorris77@gmail.com,,,,
Kimberly Knitter,elimayme@yahoo.com,,,,
Kimberly Stano,kstano45@gmail.com,98,,,
Kimberly Wilkins,kwilkins43@aol.com,218,,,
Kris Lang,freedom2007krl@yahoo.com,,,,
Krista Davis,krista.gabarro@gmail.com,,,,
Kristen Farkas,klamberty3@aol.com,,,,
Kristen Salmonson,link_18@hotmail.com,,,,
Kristi Knudson,aprdmom@yahoo.com,,,,
Kristy Evans,ktevans503@gmail.com,108,,,
Lain Clelland,ic2008@comcast.net,,,,
Lara Boggs,boggs0172@gmail.com,,,,
Larry Holtz,larryeholtz@gmail.com,960,,,
LaShell West,lashellwest@gmail.com,,,,
Laura chaney,llchaney1@hotmail.com,,,,
Laura Gonzales,landg707@gmail.com,216,,,
Laura Mayes,4lauramayes@gmail.com,,,,
Laura McBain,lmcbain_ca@yahoo.com,,,,
Laura Parish,oneelpy@gmail.com,859,,,
Laura Tipton,ltipton0213@gmail.com,136,,,
Lauren Cooper,lorettalou.since92@yahoo.com,,,,
Lauren Elkind,lauren1961@comcast.net,685,,,
Lauren Hewitt,trinityfarm488@aol.com,,,,
Lauren Lauren,2357paige@gmail.com,132,,,
Lauren Peralta,mclmp117@gmail.com,20,,,
Leah Lollar,lblollar@gmail.com,,,,
Leah McElhany,leahroseaviary@gmail.com,,,,
Leanna Ramcharan,angel_iiz1@yahoo.com,,,,
Leona Stabenau,ghoulwear@gmail.com,645,,,
Lesley Stephan,lrstephan@bellsouth.net,,,,
Leslie Davis,l.t.davis14953@gmail.com,,,,
Leslie Means,lessmeans@mac.com,,,,
Leslie Simon,l_simon_58@yahoo.com,318,,,
Leslie Sisk,resles@charter.net,496,,,
Lillian Mountain,lilscout1@gmail.com,84,,,
Linda and Stormes,frdmfrc@gmail.com,601,,,
Linda Andruske,bacqwap@yahoo.com,330,,,
Linda Cooper,makatoys@comcast.net,,,,
Linda Elias,eliasj@comcast.net,,,,
Linda Fisher,katied772@gmail.com,,,,
Linda Hull,lynziehull@msn.com,,,,
Linda Labbe,mrsmoe95@yahoo.com,,,,
Linda Larsen,linlarsrn@yahoo.com,,,,
Linda Mingin,critterhaven@comcast.net,,,,
Linda pappas,bgizzyrose@gmail.com,584,,,
Linda Ward,wovennest@gmail.com,,,,
Lisa Andersen,lander7090@gmail.com,54,,,
Lisa Chandler,darby1@gvtc.com,,,,
Lisa DeFiore,defiore.lisa@gmail.com,802,,,
Lisa Furst,lisaf6388@yahoo.com,800,,,
Lisa Hamilton,chloe@macobserver.com,,,,
Lisa Harmon,merlnich@gmail.com,710,,,
Lisa Jemmott,jemmottl@hotmail.com,185,,,
Lisa Kaberlein,catnipproductions@yahoo.com,,,,
Lisa Land,lisa@cougarmountainzoo.org,198,,,
Lisa Miyake,lisakmiyake@gmail.com,696,,,
Lisa Ohmie,ohmiedesigns@gmail.com,,,,
Lisa Riedyk,lisabreezecar@gmail.com,,,,
Lisa Riedyk,lriedyk@yahoo.com,,,,
LISA SCHAEDLER,l.umsl@yahoo.com,174,,,
Lisa Shanafelt,lisa.shanafelt@gmail.com,,,,
Lisa Thomas,blissfulasil@gmail.com,,,,
Lisa Urizzo,lisau61@yahoo.com,,,,
Liz Oliver,lizoliver24@gmail.com,,,,
Lois Podedworny,lpodedworny@gmail.com,,,,
Lois Waltman,searaynut@aol.com,,,,
Lonna Lowe,lonnalee@comcast.net,,,,
Lora Gunkel,hislugnut@gmail.com,521,,,
Lori Akers,lakers71@ymail.com,,,,
LORI ALLEN,loriruru@yahoo.com,,,,
Lori Andresen,lorione@suddenlink.net,,,,
Lori Hiltz,ljhiltz@icloud.com,616,,,
Lori Janu-Chossek,llj-choss@sbcglobal.net,,,,
Lori Marceau,hlmarceau@tznet.com,40,,,
Lorrie Stillo,yellowdog@neo.rr.com,,,,
Louise Ciarleglio,vlbchig@gmail.com,,,,
Lucas Cheatwood,rlcheat@hotmail.com,6424,,,
Luisa M Pena,pena333@yahoo.com,,,,
LunaDanell Jimenez,lunaestrella628@aol.com,,,,
Lydia DesRoche,sitstaydogtraining@gmail.com,1578,,,
Lyn Rhodes,lynrhodes91@yahoo.com,364,,,
Lynda Giuliani,lynda_giuliani@yahoo.com,,,,
Lynn Dickens,dixie2160@gmail.com,,,,
Lynn Knisley,llknisley@gmail.com,,,,
Lynn Vonderhey,lvonderhey@yahoo.com,,,,
Lynne Watts,lynnew013@comcast.net,,,,
Lynzee Stitt,lynzeestitt@gmail.com,,,,
Mackenzie Robinson,robinson.mackenzie11@gmail.com,,,,
Madeline Topor,madelineevetopor@yahoo.com,370,,,
Madelyn Weiss,madelyn@terminatorspestcontrol.com,,,,
Madura Sornarajah,madura.sornarajah@gmail.com,,,,
Maggie LaForest,j.stocker886@gmail.com,198,,,
Maggie LaForest,laforeststocker@gmail.com,,,,
Mandi Boven,mboven2283@gmail.com,902,,,
Marcella Roelofs,mar.roelofs@hotmail.ca,,,,
Marcia Capra,nmcapra1@earthlink.net,,,,
Marcia Matavka,mmatavka@yahoo.com,106,,,
Margaret Graham,groganjean71@gmail.com,28,,,
Margaret Martin,margaretmartin554@yahoo.com,,,,
Margaret Mealia,mealia.hvcbs@gmail.com,,,,
Marge Morris,marge.morris1971@gmail.com,,,,
Margie Jarrett,mejarrett50@gmail.com,375,,,
Maria aponte,miapontemia@gmail.com,110,,,
Marianne Di Santi,missmariannedisanti@gmail.com,,,,
Marie Richards,mertrich@windstream.net,1615,,,
Mario Saballos,msaballos@fisherislandclub.com,,,,
Marisol Stock,marisol.stock@gmail.com,1094,,,
Mark Bosch,markboschafaarizona@gmail.com,2605,,,
Mark Hart,amnhart@yahoo.com,,,,
Mark Lovey,marklovey@gmail.com,,,,
MARNIIE SMITH,marniesmith17@yahoo.com,209,,,
Mars Buchanan,marsbuchananart@gmail.com,,,,
Marsha Engel,marshaengel@verizon.net,,,,
Marshall Blair Hildreth,blairm1975@yahoo.com,198,,,
Mary Alexander,mbalexa@charter.net,,,,
Mary Bevels,hey_maaa@yahoo.com,,,,
Mary Centanni,mlcentanni@cox.net,,,,
Mary Coots,mcoots47@gmail.com,,,,
Mary George,mfg98rn@aol.com,1976,,,
Mary Jennings,bjen47@aol.com,,,,
Mary Ouellette,3teamthomas@gmail.com,1992,,,
Mary Pazik,maryloupazik@mail.com,,,,
Mary Penn,marymcclain@sbcglobal.net,,,,
Mary Schmitt,sunxcape@gmail.com,150,,,
Mary Stagnitto,lolasoohlala1@sbcglobal.net,350,,,
MaryAnn Johnson,maryannjohnson1000@gmail.com,,,,
Maureen Flores,maureenflores84@gmail.com,110,,,
Megan Ulosovich,elkehollic@gmail.com,723,,,
Melanie Lawhead,melanielawhead@yahoo.com,,,,
Melanie Lema,melanie.lema@hotmail.com,,,,
Melanie Lindenbaum,misslindy1985@yahoo.com,,,,
Melissa Karrh,karrhs@gmail.com,,,,
Melissa Leddy,melissaleddy@gmail.com,,,,
Melissa Logothetis,mlogo@logotech.us,108,,,
Melissa martin,missmissy82@sbcglobal.net,,,,
Melissa Merriman,fourmerrimans@hotmail.com,,,,
Melissa Morvant,melissamorvant@gmail.com,,,,
Melissa Raney,angoisse.winkle@gmail.com,,,,
Melissa Tambeau,melissatambeau@hotmail.com,,,,
Melvina Moore,lynster54@hotmail.com,,,,
Merilyn Bonneville,merilyn@infowest.com,327,,,
Michael adams,tattoosiva@gmail.com,,,,
Michael Deardorff,mjdeardorff@gmail.com,6555,,,
Michael Holbrook,champion201@gmail.com,,,,
Michele Blake,micheleblake61@gmail.com,,,,
Michele Bontempi,michele.bontempi@gmail.com,128,,,
MICHELE L MOORHOUSE,mchellalee@yahoo.com,,,,
Michele ping,shellp38@gmail.com,,,,
Michele Ulbin,michele8173@comcast.net,,,,
Michelle Ackerman,mra4221@yahoo.com,291,,,
Michelle Boles,mlboles11@msn.com,1136,,,
Michelle Carollo,royalavianspec@gmail.com,539,,,
Michelle Carollo,sewildliferescue@yahoo.com,,,,
Michelle DeLan,gmdelan@outlook.com,,,,
Michelle Evans,allaboutthewing@gmail.com,,,,
Michelle Martin,mmartin508@hotmail.com,,,,
Michelle Ray,michelleray74@yahoo.com,,,,
Micki Marshall,micki.marshall@gmail.com,498,,,
Mike Davis,salmike98@gmail.com,,,,
Mike Kaberlein,zappa12@sbcglobal.net,54,,,
Mike Sargent,sargmike@bellsouth.net,40,,,
Minnette Stevenson,mstevenson917@me.com,,,,
Miyanna Rowny,miyannar99@gmail.com,968,,,
Miyanna Rowny,miyannar7@gmail.com,,,,
Monica Jain,jainm1@yahoo.com,168,,,
MsCindy Ryder,birdeebiyou@yahoo.com,,,,
Nadia Jhilmit-Ramsahai,aidanjhil@hotmail.com,,,,
Nancy Allen,flor_nancy@hotmail.com,430,,,
Nancy Boey,nmbfriendlybutterfly@fastmail.com,,,,
Nancy Bowlen,nbirdlady@comcast.net,,,,
Nancy Gao,nancygao1@hotmail.com,,,,
Nancy Hammel,malibu0235@gmail.com,,,,
Nancy Lynch,lynchmobsters@embarqmail.com,209,,,
Nancy Oliver,noliver1@san.rr.com,1264,,,
Nancy Primus,msmouse17931@yahoo.com,494,,,
Nancy Sylvester,nancysly56@gmail.com,,,,
Nancy Vesely,nvesely@gmail.com,752,,,
Naomi Bang,gnomiejo@gmail.com,146,,,
Natalia Wlizlo,natalia160984@hotmail.com,,,,
Natasha King,drama_mamma3@yahoo.com,,,,
Natasha Setzenfand,njmorland@gmail.com,138,,,
Neelofur Ahmad,neelo1205@gmail.com,26,,,
Nell Knapp,kare@avianaid.org,,,,
Nicola reed,nicola.reed@outlook.com,,,,
Nicole Bedford,firefly_nikkie@hotmail.com,,,,
Nicole Orr,raeyvncain@gmail.com,110,,,
Nicole Sheehan,nsheehan6050@yahoo.com,,,,
Nieta Alford,nieta65@tampabay.rr.com,,,,
Niki Faller,nikifaller@yahoo.com,240,,,
Nina Wilkins,avian_princess2@yahoo.com,,,,
Norece Embody,bnembody@gmail.com,372,,,
Nori Twaddell,norine@dogventures.com,47,,,
Norma Bobst,nbobst@aol.com,,,,
Norma tandeski,normatandeski@gmail.com,,,,
Norna Hamamoto,nornafaye@gmail.com,,,,
Nyla Newville,nyla.j.newville@gmail.com,,,,
Oneta Carter,ghstwrting@aol.com,,,,
Pam Albertson,runner9175@gmail.com,1664,,,
Pam Burgess,pjc5005@gmail.com,,,,
Pam Kinnison,pamkinnison@gmail.com,248,,,
Pam Kinnison,birdybirdyhome@gmail.com,,,,
Pamela Malone,pmlmalone@aol.com,127,,,
Patricia Higgins,hexagon2@yahoo.com,,,,
Patricia Procek,pprocek@gmail.com,322,,,
Patricia rohe,rnprohe@sbcglobal.net,120,,,
Patricia Stebbins,pat.stebbins64@gmail.com,,,,
Patti Goodman,pgwords@hotmail.com,,,,
Patty Fournier,patriciameadfournier@gmail.com,1319,,,
Paul Seaton,pseaton2003@yahoo.com,,,,
Paula Cho,paulaz123@msn.com,1897,,,
Paula Mullendore,bob_diane_6@hotmail.com,275,,,
Paula Rowell,lilera88@hotmail.com,,,,
Paulette Cook,jcook006@sc.rr.com,,,,
Peta Hall,petaphall@gmail.com,,,,
Phyllis Jackson,dixieland61@gmail.com,,,,
Phyllis Lane-Latch,phyl7222@gmail.com,,,,
Quentin Lesh,leshquentin@gmail.com,136,,,
Rachel Michalak,rachel51412@gmail.com,,,,
Rachel Noel,jrpcanoel@yahoo.com,,,,
Rachel Sanders,rosado_rachel@yahoo.com,16,,,
RAEGEN FINLEY,rrwalter25@gmail.com,,,,
Ramona Ristaino,grumpy7368@yahoo.com,1788,,,
Randi Shive,nickishive@gmail.com,,,,
Raquel Cruz,patriciamerz@charter.net,,,,
Rebecca Bell,shashwatminiatures@gmail.com,648,,,
Rebecca Farrell,farrellrebecca21@gmail.com,,,,
Rebecca Parsons,becca623par@yahoo.com,,,,
Rejuny Caswell,rejuny@gmail.com,132,,,
RENEE DELUCAS,renee.delucas@yahoo.com,,,,
Rhonda Fox,magickalmoon01@hotmail.com,,,,
Rhonna Kananen,rhonna@mchsi.com,,,,
Richard Heebner,hd4pi@msn.com,,,,
Rita Gonsoulin,miml4e@aol.com,1112,,,
Rita Grinnell,rlynn_g@yahoo.com,,,,
RITA RUSINOVICH,rusinovichr@aol.com,163,,,
Rita Wilburn,ptl21@protonmail.com,648,,,
Robert taylor,worlok2004@gmail.com,280,,,
Roberta Brandt,evilbudderfly@gmail.com,3827,,,
Roberta Brooks,aydiebug2009@yahoo.com,,,,
Roberto Iseppi,robiseppi@gmail.com,983,,,
Robin Smith,bobbilyn2000@gmail.com,,,,
Robin Thompson,robinthomp66@icloud.com,130,,,
Rochelle Sandner,sandner@earthlink.net,,,,
roma Sonia horodysky-kowcz,soniauke@gmail.com,,,,
Romelia Usquiano,uromelia@yahoo.com,60,,,
Ronnie Ferguson,ron37404@gmail.com,,,,
Ronnie Mills,auzzie1997@sbcglobal.net,50,,,
RoseAnn Meyers,ohnoitzrosie@aol.com,,,,
Rosemary Lyman,lyman2@centurytel.net,56,,,
Ruth Wolfbauer,gringogirlsa@yahoo.com,,,,
Sabrina Senechal,sabrina19842011@live.com,,,,
Sally Norton,sallynorton@comcast.net,,,,
Salvador Roditi,rodkey9@yahoo.com,,,,
Sam Edwards,magicrebel1998@gmail.com,868,,,
Samantha Pitera,info@ctparrotrescue.org,,,,
Samantha Sax,sam.r.sax@gmail.com,,,,
Sandi Bowen,ssbowen@yahoo.com,939,,,
Sandra Caswell,aana2@optusnet.com.au,,,,
Sandra Glassford,honeycola2@aol.com,,,,
Sandra Mendez,sandyozzy3@gmail.com,,,,
Sandy Campos,scampos5710@gmail.com,122,,,
Sandy Gould,sgould1120@yahoo.com,,,,
Sandy Harwood,lthousegirl@gmail.com,,,,
Sara Hamner,queenie062400@yahoo.com,,,,
Sara Heddy,slheddy@gmail.com,124,,,
Sara Monfra,saramonfra333@gmail.com,1248,,,
Sara Stark,sareeanna@gmail.com,,,,
Sara Wong,swoo4779@gmail.com,,,,
Sarah ayers,sja24@sbcglobal.net,,,,
Sarah Barnham,sarahbarnham@hotmail.co.uk,,,,
Sarah Cooley,sarahcooley31@gmail.com,64,,,
Sarah Drury,salathome1@frontiernet.net,,,,
Sarah Keitz,svonreed@yahoo.ca,,,,
Sarah Newberry,snewberry@fremont25.org,586,,,
Sarah Rudd,ecpsaustralia@gmail.com,,,,
Sasha Cruciani,sashacm@gmail.com,240,,,
Sasha Hinson,sashadhinson@gmail.com,,,,
SeAnn Walkington,brisea71@gmail.com,,,,
Seasun Schroth,seasunschroth@yahoo.com,128,,,
Serena Lapp,serenalapp@gmail.com,200,,,
Seth and Kylie Chambers,kmc2013innc@yahoo.com,413,,,
Shana Allan,rupunzl2082@gmail.com,,,,
Shannon Dingee-Kramer,shannon@birdsandbeaks.com,,,,
Shannon Garcia,shanelizxx@gmail.com,2055,,,
Shannon Rotz,shannonnicoler@msn.com,172,,,
Shannon Singley,singley@frontier.com,82,,,
Shara Andrews,shara820s@aol.com,190,,,
Sharee Bullard,sweetvette2000@hotmail.com,,,,
Sharena Williams,rena7j@hotmail.com,,,,
Sharmen Hall-Lengel,sharmenhall@yahoo.com,,,,
Sharon Shaub,sashaub1955@yahoo.com,,,,
Sharon stephens,stephenssix@hotmail.com,338,,,
Sheila Odonoghue,rossins12@gmail.com,,,,
Shelby Christian,skeeter1519@yahoo.com,20,,,
Shelby Stevenson,jaleeskylar@yahoo.com,,,,
Shell Silla,silverayne@msn.com,,,,
Shelly Smith,shelly@masonyouththeater.org,314,,,
Sheree Biro,sheree@citlink.net,,,,
Sheri Ard,sheriard32@gmail.com,620,,,
Sherri Boster,sherri_bristow@yahoo.com,,,,
Sherrill Szumik,szumik@hotmail.ca,,,,
Sherry langevin,birdwoman2016@gmail.com,,,,
Sherry Smith,ssmithjewelry@cox.net,1993,,,
Shirel Mizrahi,shirel5500@gmail.com,,,,
Shirlene Roper,shickroper@gmail.com,,,,
Soheila Soheily,soilaly@yahoo.com,180,,,
Sondra Harnes Selway,sondra.harnes@gmail.com,,,,
Sonia McCubbins,ontheflyakvdz@yahoo.com,,,,
Sonya Alvis,alvissonya@gmail.com,,,,
STACEY VARGA,stacey@possolutions.com.au,,,,
Stacey Welling,birdmanoflusby@comcast.net,,,,
Stacie Cilia,stacie297@yahoo.com,,,,
Stacy Menei,stacy_menei@live.ca,,,,
Stacy Randall,stacyr1967@gmail.com,,,,
Stephanie Brown,parrothotel@live.ca,,,,
Stephanie Cabell,stcabell@gmail.com,,,,
Stephanie Cadena,scadena617@comcast.net,46,,,
Stephanie Dennis,stephaniepickney@yahoo.com,294,,,
Stephanie Edling,snedling@gmail.com,208,,,
Stephanie Johanneck,steph23eisel@gmail.com,,,,
Steve Riddle,riddle98@gmail.com,670,,,
Steve Stark,sstark@gmail.com,,,,
Sue Chavious,chavious2000@yahoo.com,216,,,
Sue Merewitz,suemartin077@gmail.com,44,,,
Summer Marker,sumrmrkrlb@yahoo.com,2297,,,
Summer Smith,summerishappy@icloud.com,,,,
Surendra Puri,puri1026@gmail.com,602,,,
Susan Applegate,sapplegate@applegatemediagroup.com,,,,
Susan Atkinson,sisatkinson@hotmail.com,23,,,
Susan Bettega,pugluvr@hotmail.com,443,,,
Susan Eaves,susan_eaves@yahoo.com,2036,,,
Susan Goldberg,sgoldb5785@aol.com,2406,,,
Susan Norris,susanpnorris@gmail.com,,,,
Susan Oddo,oddo94@hotmail.com,,,,
Susan Parlin,baltnd04983@yahoo.com,,,,
Susan Parlin,balynd04983@yahoo.com,,,,
Susan Rial,suerial@yahoo.com,154,,,
Susan Ros,sros1509@gmail.com,,,,
SUSAN WIMBLE,suewimble@verizon.net,286,,,
Susie Dias,suzanitadias@hotmail.com,,,,
Suzanne Cromwell,suzcromwell@gmail.com,,,,
Suzanne Phillips,lolliandtangeemom@yahoo.com,,,,
Svetlana Kuperberg,iloveit67@aol.com,378,,,
Svjetlana Djuric,lanadjuric@gmail.com,182,,,
T Gafford,tami@beachdoggie.com,653,,,
Tami Bulik,northdakotaemt@gmail.com,,,,
Tammy Fiebelkorn,tammy@e-solved.com,,,,
Tammy Guffey,talk2theguffeys@yahoo.com,1124,,,
Tammy McFadden,tammymcfadden2007@yahoo.com,272,,,
Tanea Morse,tanea_martin@comcast.net,,,,
Tania Doolittle,tania.doolittle@yahoo.com,,,,
Tania Melis,tmelis@att.net,,,,
Tanya Gall,tanya.gall@yahoo.com,,,,
Tara Amidon,tlamidon@gmail.com,373,,,
Tara Taylor,cotterpin10@yahoo.com,350,,,
Tara Temple,templeroni@yahoo.com,171,,,
Taren Bokman,tarenbokman@me.com,,,,
Tarina Williams,tarina_williams@yahoo.com,570,,,
Taylor Cluff,taylorcluff@yahoo.com,1137,,,
Teresa Hart,teresahart@windstream.net,,,,
Teri Rand,thiesand@charter.net,,,,
Teri Thompson,359terit@gmail.com,120,,,
TERRA KNIPP,knipp@midco.net,,,,
Terri Anderson,terriparadise@hotmail.com,522,,,
TERRI HUMPHREY,idobones@yahoo.com,,,,
Terri Staley,terristaley@att.net,,,,
Tess Colley,hereinthepnw@gmail.com,5000,,,
Tessa Roper,contessaria@gmail.com,101,,,
Theresa Brown,quesdey@yahoo.com,56,,,
Theresa Gilbert,tkathleeng@hotmail.com,1145,,,
Theresa Miller,tmillerok@gmail.com,,,,
Therese Troutman,tltfreetobeme1@aol.com,,,,
Thomas huff,tlcs7490@comcast.net,,,,
Tiffani von Lossberg,tvl75@live.com,244,,,
Tiffanie Love,love1tif@yahoo.com,809,,,
Tiffany DeMatteo,tiffyak0510@gmail.com,,,,
Tiffany Vance,tiffanysd25@yahoo.com,,,,
Tim Kellerman,kellerman.tj@gmail.com,,,,
Tina Chez,tina_chez@hotmail.com,,,,
Tina Harter,tstorm1070@yahoo.com,,,,
Tina Koonce,tmklsrk@aol.com,,,,
Toni Thomas,tonithomas349@yahoo.com,,,,
Tonya Hatmaker,hatmakertonya@gmail.com,,,,
Tonya Shupert,t.shupe2@comcast.net,,,,
Tracey Kirk,t-kirk@roadrunner.com,1908,,,
Tracy Hassell,yaya2kk@yahoo.com,350,,,
Tracy Kuderewski,tkuderewski@gmail.com,134,,,
Trina Dunder,katscrestedcritters@hotmail.com,,,,
Tristin riviere,luke12_1-3@protonmail.com,56,,,
Tulay Najarian,tbirdnajar61@aol.com,66,,,
Tywanda Gadson-passmore,tpassmore38@gmail.com,92,,,
Ursula Berg,birdstore@aol.com,,,,
Ursula Gaertner,uschi@centurylink.net,,,,
Valerie Badvelian,valbadjean@hotmail.com,,,,
Valerie Lietzke,zula@ptd.net,,,,
Vicki Doyle,vickihok@meltel.net,140,,,
Vicki Lunt,vll@aol.com,,,,
Vicki Peele,vickipeele@yahoo.com,,,,
Virginia Bowen,parrots@theaterofthesea.com,1226,,,
Virginia McClellan,vjmac31@gmail.com,,,,
Wanda Andreas,lpnwa31@aol.com,,,,
Wendy Erb,wendy769955@yahoo.com,9032,,,
Wendy Frigon,wfrigon60@aol.com,,,,
Wendy Johnson,wgjgrits59@hotmail.com,,,,
Wendy Waddle,waddlehorse@bellsouth.net,500,,,
Wendy Whitesides,wzwhitesides@gmail.com,313,,,
Whitney L Quiggle,wallabylulu88@outlook.com,44,,,
William Rhodes,wrhodesiii@gmail.com,,,,
Yvie Moring,yviem1@yahoo.com,,,,
Yvonne Garst,yvonne.garst64@gmail.com,,,,